fecha,Price,Open,High,Low,Vol.,Change _x,barcos_panam√°,barcos_suez,precioSp,PriceD,OpenSp,OpenD,HighSp,HighD,LowSp,LowD,Vol.SP,Change _y,precioDolar,OpenDolar,HighDolar,LowDolar,ChangeDolar,PriceEP,OpenEP,HighEP,LowEP,Vol.EP,Change ,precio_objetivo,fecha_objetivo,Price_lag1,Price_lag2,Pendiente,Alto-Bajo,Bajo-Alto,Price_lag3,media_col1,desv_col1,skew_col1,kurt_col1,cambio_pct,evento_extremo,PrecioEnteroSP,media_sp,desv_sp,skew_sp,kurt_sp,momentum_sp,momentum_dolar,momentum_EP,Vol_WTI,Vol_WTI_extrema,desv_Dolar,media_Dolar,skew_Dolar,mes,Price_Media_Mes,Price_Media_Mes_Pasado,prediccion
2025-03-26,69.65,69.16,70.22,69.06,262.41,0.94,1070,1115,5.0,712.2,5.0,771.66,5.0,783.62,5.0,694.41,-1.12,,104.55,104.25,104.68,104.18,0.35,118.27,117.68,119.18,117.68,14.11,1.44,61.99,2025-04-04,,,,,,,64.66818181818182,4.845322955743461,0.9422066538452162,-0.08106159921947853,,0,5712.2,5775.591558441559,307.3004630096746,-0.6870437536705196,-0.33709428208307646,,,,,0,1.9046237135163633,99.74649350649352,1.0158442766030658,2025-03,70.1025,70.1025,69.796036
2025-03-27,69.92,69.96,69.97,69.12,211.83,0.39,1070,1115,5.0,693.31,5.0,695.64,5.0,732.28,5.0,670.94,-0.33,,104.33,104.65,104.65,104.07,-0.2,117.89,118.1,119.07,117.26,12.74,-0.32,60.7,2025-04-07,69.65,0.4900000000000091,,1.1599999999999966,-1.1599999999999966,0.269999999999996,64.66818181818182,4.845322955743461,0.9422066538452162,-0.08106159921947853,0.0038765254845656294,0,5693.3099999999995,5775.591558441559,307.3004630096746,-0.6870437536705196,-0.33709428208307646,,,,,0,1.9046237135163633,99.74649350649352,1.0158442766030658,2025-03,70.1025,70.1025,70.35013
2025-03-28,69.36,69.91,70.09,68.87,246.65,-0.8,1070,1115,5.0,580.94,5.0,679.2,5.0,685.89,5.0,572.42,-1.97,,104.04,104.28,104.5,103.9,-0.28,117.73,118.1,118.46,117.24,10.23,-0.14,59.58,2025-04-08,69.92,-0.03999999999999204,-0.269999999999996,0.8499999999999943,-0.8499999999999943,-0.5600000000000023,64.66818181818182,4.845322955743461,0.9422066538452162,-0.08106159921947853,-0.008009153318077833,0,5580.9400000000005,5775.591558441559,307.3004630096746,-0.6870437536705196,-0.33709428208307646,,,,,0,1.9046237135163633,99.74649350649352,1.0158442766030658,2025-03,70.1025,70.1025,70.413574
2025-03-31,71.48,69.43,71.83,68.81,313.09,3.06,1070,1115,5.0,611.85,5.0,527.91,5.0,627.56,5.0,488.73,0.55,,104.21,104.01,104.39,103.75,0.16,118.93,117.79,119.9,117.79,21.65,1.02,62.35,2025-04-09,69.36,-0.5499999999999972,0.5600000000000023,1.2199999999999989,-1.2199999999999989,2.1200000000000045,64.66818181818182,4.845322955743461,0.9422066538452162,-0.08106159921947853,0.030565167243367997,0,5611.85,5775.591558441559,307.3004630096746,-0.6870437536705196,-0.33709428208307646,,,,,0,1.9046237135163633,99.74649350649352,1.0158442766030658,2025-03,70.1025,70.1025,70.94509
2025-04-01,71.2,71.39,72.1,71.03,272.83,-0.39,1044,1124,5.0,633.07,5.0,597.53,5.0,650.57,5.0,558.52,0.38,,104.26,104.18,104.37,104.02,0.05,119.04,119.22,119.28,117.93,12.43,0.09,60.07,2025-04-10,71.48,2.049999999999997,-2.1200000000000045,3.019999999999996,-3.019999999999996,-0.28000000000000114,64.66818181818182,4.845322955743461,0.9422066538452162,-0.08106159921947853,-0.003917179630665957,0,5633.07,5775.591558441559,307.3004630096746,-0.6870437536705196,-0.33709428208307646,,,,,0,1.9046237135163633,99.74649350649352,1.0158442766030658,2025-04,62.911904761904765,70.1025,71.13943
2025-04-02,71.71,71.2,72.28,70.59,286.5,0.72,1044,1124,5.0,670.97,5.0,580.76,5.0,695.31,5.0,571.48,0.67,,103.81,104.2,104.31,103.37,-0.43,118.67,118.39,118.84,117.66,12.61,-0.31,61.5,2025-04-11,71.2,-0.18999999999999773,0.28000000000000114,1.0699999999999932,-1.0699999999999932,0.5099999999999909,64.66818181818182,4.845322955743461,0.9422066538452162,-0.08106159921947853,0.007162921348314422,0,5670.97,5775.591558441559,307.3004630096746,-0.6870437536705196,-0.33709428208307646,,,0.4000000000000057,,0,1.9046237135163633,99.74649350649352,1.0158442766030658,2025-04,62.911904761904765,62.911904761904765,67.32397
2025-04-03,66.95,70.38,70.41,65.98,459.24,-6.64,1044,1124,5.0,396.52,5.0,492.74,5.0,499.53,5.0,390.83,-4.84,,102.07,103.15,103.38,101.27,-1.67,112.43,114.37,115.45,112.23,21.2,-5.26,61.05,2025-04-14,71.71,0.5099999999999909,-0.5099999999999909,1.6899999999999977,-1.6899999999999977,-4.759999999999991,64.66818181818182,4.845322955743461,0.9422066538452162,-0.08106159921947853,-0.06637846883279863,1,5396.52,5775.591558441559,307.3004630096746,-0.6870437536705196,-0.33709428208307646,,,-5.459999999999994,,0,1.9046237135163633,99.74649350649352,1.0158442766030658,2025-04,62.911904761904765,62.911904761904765,65.65728
2025-04-04,61.99,66.64,66.9,60.45,559.64,-7.41,1044,1124,5.0,74.08,5.0,292.14,5.0,292.14,5.0,69.9,-5.97,,103.02,101.99,103.18,101.54,0.93,104.34,109.86,110.83,103.83,30.84,-7.2,60.75,2025-04-15,66.95,-3.4299999999999926,4.759999999999991,4.429999999999993,-4.429999999999993,-4.960000000000001,64.66818181818182,4.845322955743461,0.9422066538452162,-0.08106159921947853,-0.07408513816280804,1,5074.08,5775.591558441559,307.3004630096746,-0.6870437536705196,-0.33709428208307646,,,-13.39,,0,1.9046237135163633,99.74649350649352,1.0158442766030658,2025-04,62.911904761904765,62.911904761904765,63.27797
2025-04-07,60.7,61.12,63.9,58.95,597.62,-2.08,1044,1124,5.0,62.25,4.0,953.79,5.0,246.57,4.0,835.04,-0.23,,103.26,103.07,103.54,102.18,0.23,102.94,100.39,105.8,98.46,35.07,-1.34,62.47,2025-04-16,61.99,-4.649999999999999,4.960000000000001,6.450000000000003,-6.450000000000003,-1.2899999999999991,64.66818181818182,4.845322955743461,0.9422066538452162,-0.08106159921947853,-0.02080980803355381,0,5062.25,5775.591558441559,307.3004630096746,-0.6870437536705196,-0.33709428208307646,,,-15.990000000000009,0.03598555307335816,0,1.9046237135163633,99.74649350649352,1.0158442766030658,2025-04,62.911904761904765,62.911904761904765,61.78417
2025-04-08,59.58,61.03,61.75,57.88,557.66,-1.85,1044,1124,4.0,982.77,5.0,193.57,5.0,267.47,4.0,910.42,-1.57,,102.96,103.43,103.44,102.75,-0.29,100.77,105.46,105.6,99.01,27.15,-2.11,64.68,2025-04-17,60.7,-0.4199999999999946,1.2899999999999991,4.949999999999996,-4.949999999999996,-1.1200000000000045,64.66818181818182,4.845322955743461,0.9422066538452162,-0.08106159921947853,-0.01845140032948933,0,4982.77,5775.591558441559,307.3004630096746,-0.6870437536705196,-0.33709428208307646,,,-18.27000000000001,0.03490264959600032,0,1.9046237135163633,99.74649350649352,1.0158442766030658,2025-04,62.911904761904765,62.911904761904765,61.891563
2025-04-09,62.35,58.32,62.93,55.12,592.25,4.65,1044,1124,5.0,456.9,4.0,965.28,5.0,481.34,4.0,948.43,9.52,,102.9,102.75,103.33,101.84,-0.05,105.8,99.37,106.58,98.13,30.06,4.99,63.08,2025-04-21,59.58,-1.4500000000000028,1.1200000000000045,3.8699999999999974,-3.8699999999999974,2.770000000000003,64.66818181818182,4.845322955743461,0.9422066538452162,-0.08106159921947853,0.046492111446794215,0,5456.9,5775.591558441559,307.3004630096746,-0.6870437536705196,-0.33709428208307646,,-1.6499999999999915,-12.870000000000005,0.03551547446094791,0,1.9046237135163633,99.74649350649352,1.0158442766030658,2025-04,62.911904761904765,62.911904761904765,61.426823
2025-04-10,60.07,62.71,63.34,58.76,391.83,-3.66,1044,1124,5.0,268.05,5.0,353.15,5.0,353.15,5.0,115.27,-3.46,,100.87,102.99,103.03,100.7,-1.98,99.93,103.71,103.78,97.8,34.0,-5.55,64.31,2025-04-22,62.35,4.030000000000001,-2.770000000000003,7.810000000000002,-7.810000000000002,-2.280000000000001,64.66818181818182,4.845322955743461,0.9422066538452162,-0.08106159921947853,-0.036567762630312806,0,5268.05,5775.591558441559,307.3004630096746,-0.6870437536705196,-0.33709428208307646,,-3.4599999999999937,-12.5,0.049557901765795595,0,1.9046237135163633,99.74649350649352,1.0158442766030658,2025-04,62.911904761904765,62.911904761904765,61.617344
2025-04-11,61.5,60.2,61.87,59.43,306.23,2.38,1044,1124,5.0,363.36,5.0,255.56,5.0,381.46,5.0,220.77,1.81,,100.1,100.78,100.78,99.01,-0.76,103.14,100.3,103.93,98.79,22.88,3.21,62.27,2025-04-23,60.07,-2.6400000000000006,2.280000000000001,4.580000000000005,-4.580000000000005,1.4299999999999997,64.66818181818182,4.845322955743461,0.9422066538452162,-0.08106159921947853,0.023805560179790186,0,5363.36,5775.591558441559,307.3004630096746,-0.6870437536705196,-0.33709428208307646,,-3.940000000000012,-1.2000000000000028,0.04756326158814635,0,1.9046237135163633,99.74649350649352,1.0158442766030658,2025-04,62.911904761904765,62.911904761904765,63.54652
2025-04-14,61.05,61.15,62.07,60.12,224.09,-0.73,1044,1124,5.0,405.97,5.0,441.96,5.0,459.46,5.0,358.02,0.79,,99.64,100.02,100.16,99.21,-0.46,103.39,105.03,105.09,102.72,18.02,0.24,62.79,2025-04-24,61.5,1.2999999999999972,-1.4299999999999997,2.4399999999999977,-2.4399999999999977,-0.45000000000000284,64.66818181818182,4.845322955743461,0.9422066538452162,-0.08106159921947853,-0.007317073170731714,0,5405.97,5775.591558441559,307.3004630096746,-0.6870437536705196,-0.33709428208307646,,-4.569999999999993,0.45000000000000284,0.04895560971158437,0,1.9046237135163633,99.74649350649352,1.0158442766030658,2025-04,62.911904761904765,62.911904761904765,63.535748
2025-04-15,60.75,61.09,61.57,60.38,206.48,-0.49,1044,1124,5.0,396.63,5.0,411.99,5.0,450.41,5.0,386.44,-0.17,,100.21,99.81,100.28,99.48,0.58,103.1,103.64,105.4,103.0,13.16,-0.28,63.02,2025-04-25,61.05,-0.10000000000000142,0.45000000000000284,1.9500000000000028,-1.9500000000000028,-0.29999999999999716,64.66818181818182,4.845322955743461,0.9422066538452162,-0.08106159921947853,-0.004914004914004844,0,5396.63,5775.591558441559,307.3004630096746,-0.6870437536705196,-0.33709428208307646,,-4.050000000000011,2.3299999999999983,0.04928911287291811,0,1.9046237135163633,99.74649350649352,1.0158442766030658,2025-04,62.911904761904765,62.911904761904765,63.242676
2025-04-16,62.47,61.54,62.98,60.44,213.19,2.83,1044,1124,5.0,275.7,5.0,335.75,5.0,367.24,5.0,220.79,-2.24,,99.38,100.06,100.1,99.17,-0.83,104.19,103.95,105.59,103.69,13.61,1.06,62.05,2025-04-28,60.75,-0.3400000000000034,0.29999999999999716,1.1899999999999977,-1.1899999999999977,1.7199999999999989,64.66818181818182,4.845322955743461,0.9422066538452162,-0.08106159921947853,0.028312757201646166,0,5275.7,5775.591558441559,307.3004630096746,-0.6870437536705196,-0.33709428208307646,,-4.430000000000007,-1.6099999999999994,0.04746786823201785,0,1.9046237135163633,99.74649350649352,1.0158442766030658,2025-04,62.911904761904765,62.911904761904765,63.988434
2025-04-17,64.68,62.63,64.86,62.61,111.48,3.54,1044,1124,5.0,282.7,5.0,305.45,5.0,328.31,5.0,255.58,0.13,,99.38,99.23,99.75,99.22,0.0,106.92,104.69,108.55,104.46,17.92,2.62,60.42,2025-04-29,62.47,0.9299999999999997,-1.7199999999999989,2.539999999999999,-2.539999999999999,2.210000000000008,64.66818181818182,4.845322955743461,0.9422066538452162,-0.08106159921947853,0.03537698095085662,0,5282.7,5775.591558441559,307.3004630096746,-0.6870437536705196,-0.33709428208307646,,-2.6899999999999977,6.989999999999995,0.037327156390032395,0,1.9046237135163633,99.74649350649352,1.0158442766030658,2025-04,62.911904761904765,62.911904761904765,64.5253
2025-04-21,63.08,64.3,64.42,62.45,82.67,-2.47,1044,1124,5.0,158.2,5.0,232.94,5.0,232.94,5.0,101.63,-2.36,,98.28,99.08,99.21,97.92,-1.1,105.35,105.61,105.63,104.12,16.93,-1.47,58.21,2025-04-30,64.68,2.0500000000000043,-2.210000000000008,2.25,-2.25,-1.6000000000000085,64.66818181818182,4.845322955743461,0.9422066538452162,-0.08106159921947853,-0.02473716759431055,0,5158.2,5775.591558441559,307.3004630096746,-0.6870437536705196,-0.33709428208307646,,-4.739999999999995,2.2099999999999937,0.03809261963464218,0,1.9046237135163633,99.74649350649352,1.0158442766030658,2025-04,62.911904761904765,62.911904761904765,64.11108
2025-04-22,64.31,63.43,65.09,63.43,34.95,1.95,1044,1124,5.0,287.76,5.0,207.67,5.0,309.61,5.0,207.67,2.51,,98.92,98.3,99.64,98.01,0.65,108.3,106.14,108.94,106.14,13.15,2.8,59.24,2025-05-01,63.08,-1.2199999999999989,1.6000000000000085,1.9699999999999989,-1.9699999999999989,1.230000000000004,64.66818181818182,4.845322955743461,0.9422066538452162,-0.08106159921947853,0.019499048826886467,0,5287.76,5775.591558441559,307.3004630096746,-0.6870437536705196,-0.33709428208307646,,-4.340000000000003,4.909999999999997,0.03339495658887363,0,1.9046237135163633,99.74649350649352,1.0158442766030658,2025-04,62.911904761904765,62.911904761904765,64.30281
2025-04-23,62.27,64.0,64.87,61.53,397.84,-3.17,1044,1124,5.0,375.86,5.0,395.92,5.0,469.69,5.0,356.17,1.67,,99.84,99.48,99.94,98.86,0.94,107.37,108.81,109.3,106.47,14.24,-0.86,58.29,2025-05-02,64.31,0.8800000000000026,-1.230000000000004,1.6600000000000037,-1.6600000000000037,-2.039999999999999,64.66818181818182,4.845322955743461,0.9422066538452162,-0.08106159921947853,-0.03172134971233087,0,5375.86,5775.591558441559,307.3004630096746,-0.6870437536705196,-0.33709428208307646,,-3.1199999999999903,4.27000000000001,0.021160893702180862,0,1.9046237135163633,99.74649350649352,1.0158442766030658,2025-04,62.911904761904765,62.911904761904765,64.27104
2025-04-24,62.79,62.34,63.31,61.99,264.91,0.84,1044,1124,5.0,484.77,5.0,381.38,5.0,489.4,5.0,371.96,2.03,,99.38,99.75,99.84,99.22,-0.47,108.63,107.97,108.88,106.96,9.85,1.17,57.13,2025-05-05,62.27,-1.7299999999999969,2.039999999999999,3.3400000000000034,-3.3400000000000034,0.519999999999996,64.66818181818182,4.845322955743461,0.9422066538452162,-0.08106159921947853,0.008350730688935215,0,5484.77,5775.591558441559,307.3004630096746,-0.6870437536705196,-0.33709428208307646,,-3.5200000000000102,4.439999999999998,0.01733287102147997,0,1.9046237135163633,99.74649350649352,1.0158442766030658,2025-04,62.911904761904765,62.911904761904765,64.11123
2025-04-25,63.02,62.86,63.41,61.8,283.76,0.37,1044,1124,5.0,525.21,5.0,489.73,5.0,528.11,5.0,455.86,0.74,,99.47,99.41,99.89,99.4,0.09,108.57,108.14,108.75,107.42,11.25,-0.06,59.09,2025-05-06,62.79,0.44999999999999574,-0.519999999999996,1.3200000000000003,-1.3200000000000003,0.23000000000000398,64.66818181818182,4.845322955743461,0.9422066538452162,-0.08106159921947853,0.00366300366300365,0,5525.21,5775.591558441559,307.3004630096746,-0.6870437536705196,-0.33709428208307646,,-1.4000000000000057,1.6499999999999915,0.016834042963312895,0,1.9046237135163633,99.74649350649352,1.0158442766030658,2025-04,62.911904761904765,62.911904761904765,64.00908
2025-04-28,62.05,63.49,63.92,61.48,276.12,-1.54,1044,1124,5.0,528.75,5.0,529.22,5.0,553.66,5.0,468.64,0.06,,99.01,99.61,99.84,98.9,-0.46,108.63,108.75,109.25,107.68,13.89,0.06,58.07,2025-05-07,63.02,0.1600000000000037,-0.23000000000000398,1.6099999999999994,-1.6099999999999994,-0.970000000000006,64.66818181818182,4.845322955743461,0.9422066538452162,-0.08106159921947853,-0.015391939066963012,0,5528.75,5775.591558441559,307.3004630096746,-0.6870437536705196,-0.33709428208307646,,-1.0899999999999892,3.280000000000001,0.016857851268222583,0,1.9046237135163633,99.74649350649352,1.0158442766030658,2025-04,62.911904761904765,62.911904761904765,64.086975
2025-04-29,60.42,61.87,62.07,60.12,312.37,-2.63,1044,1124,5.0,560.83,5.0,508.87,5.0,571.95,5.0,505.7,0.58,,99.24,99.04,99.37,98.95,0.23,108.36,107.74,108.83,107.52,9.48,-0.25,59.91,2025-05-08,62.05,-1.4400000000000048,0.970000000000006,2.440000000000005,-2.440000000000005,-1.6299999999999955,64.66818181818182,4.845322955743461,0.9422066538452162,-0.08106159921947853,-0.026269137792103048,0,5560.83,5775.591558441559,307.3004630096746,-0.6870437536705196,-0.33709428208307646,,-0.4000000000000057,0.060000000000002274,0.019916575639835902,0,1.9046237135163633,99.74649350649352,1.0158442766030658,2025-04,62.911904761904765,62.911904761904765,62.782295
2025-04-30,58.21,60.16,60.43,57.91,419.55,-3.66,1044,1124,5.0,569.06,5.0,499.44,5.0,581.84,5.0,433.24,0.15,,99.47,99.17,99.71,99.14,0.23,105.63,107.42,107.42,104.15,20.38,-2.52,61.02,2025-05-09,60.42,-1.4499999999999957,1.6299999999999955,1.9500000000000028,-1.9500000000000028,-2.210000000000001,64.66818181818182,4.845322955743461,0.9422066538452162,-0.08106159921947853,-0.036577292287322094,0,5569.0599999999995,5775.591558441559,307.3004630096746,-0.6870437536705196,-0.33709428208307646,,-0.7399999999999949,-1.740000000000009,0.02086085840705235,0,1.9046237135163633,99.74649350649352,1.0158442766030658,2025-04,62.911904761904765,62.911904761904765,62.001064
2025-05-01,59.24,58.16,59.5,56.39,364.22,1.77,1057,1111,5.0,604.14,5.0,625.14,5.0,658.91,5.0,597.35,0.63,,100.25,99.65,100.38,99.61,0.78,105.78,105.1,106.92,104.98,18.61,0.14,61.56,2025-05-12,58.21,-1.9499999999999957,2.210000000000001,2.520000000000003,-2.520000000000003,1.0300000000000011,64.66818181818182,4.845322955743461,0.9422066538452162,-0.08106159921947853,0.017694554200309298,0,5604.14,5775.591558441559,307.3004630096746,-0.6870437536705196,-0.33709428208307646,,0.8700000000000045,-2.8499999999999943,0.01856863311829863,0,1.9046237135163633,99.74649350649352,1.0158442766030658,2025-05,60.90391304347826,62.911904761904765,61.443924
2025-05-02,58.29,58.99,59.87,57.74,322.1,-1.6,1057,1111,5.0,686.67,5.0,645.88,5.0,700.7,5.0,642.28,1.47,,100.03,100.18,100.33,99.4,-0.22,106.21,107.72,109.0,104.55,16.58,0.41,63.25,2025-05-13,59.24,1.0800000000000054,-1.0300000000000011,3.1099999999999994,-3.1099999999999994,-0.9500000000000028,64.66818181818182,4.845322955743461,0.9422066538452162,-0.08106159921947853,-0.016036461850101325,0,5686.67,5775.591558441559,307.3004630096746,-0.6870437536705196,-0.33709428208307646,,0.6500000000000057,-2.3599999999999994,0.020778633751473295,0,1.9046237135163633,99.74649350649352,1.0158442766030658,2025-05,60.90391304347826,60.90391304347826,59.014454
2025-05-05,57.13,56.76,57.7,55.3,308.39,-1.99,1057,1111,5.0,650.38,5.0,655.32,5.0,683.38,5.0,634.48,-0.64,,99.83,100.0,100.05,99.46,-0.2,103.27,104.65,104.66,103.07,19.62,-2.77,62.68,2025-05-14,58.29,-0.7000000000000028,0.9500000000000028,2.1299999999999955,-2.1299999999999955,-1.1599999999999966,64.66818181818182,4.845322955743461,0.9422066538452162,-0.08106159921947853,-0.01990049751243772,0,5650.38,5775.591558441559,307.3004630096746,-0.6870437536705196,-0.33709428208307646,,1.5499999999999972,-5.359999999999999,0.021612617120707136,0,1.9046237135163633,99.74649350649352,1.0158442766030658,2025-05,60.90391304347826,60.90391304347826,58.05093
2025-05-06,59.09,57.25,59.84,57.03,343.89,3.43,1057,1111,5.0,606.91,5.0,605.87,5.0,649.58,5.0,586.04,-0.77,,99.24,99.83,100.1,99.17,-0.59,104.71,103.89,105.98,103.48,16.3,1.39,61.15,2025-05-15,57.13,0.37000000000000455,1.1599999999999966,2.4000000000000057,-2.4000000000000057,1.9600000000000009,64.66818181818182,4.845322955743461,0.9422066538452162,-0.08106159921947853,0.034307719236828405,0,5606.91,5775.591558441559,307.3004630096746,-0.6870437536705196,-0.33709428208307646,,0.3199999999999932,-3.6500000000000057,0.02248068105954987,0,1.9046237135163633,99.74649350649352,1.0158442766030658,2025-05,60.90391304347826,60.90391304347826,59.226887
2025-05-07,58.07,58.98,60.26,57.81,295.24,-1.73,1057,1111,5.0,631.28,5.0,614.18,5.0,654.73,5.0,578.64,0.43,,99.61,99.5,99.97,99.29,0.38,104.61,104.99,105.29,104.07,12.34,-0.1,61.97,2025-05-16,59.09,1.8400000000000034,-1.9600000000000009,2.8100000000000023,-2.8100000000000023,-1.0200000000000031,64.66818181818182,4.845322955743461,0.9422066538452162,-0.08106159921947853,-0.017261804027754346,0,5631.28,5775.591558441559,307.3004630096746,-0.6870437536705196,-0.33709428208307646,,-0.23000000000000398,-1.019999999999996,0.026117870153853168,0,1.9046237135163633,99.74649350649352,1.0158442766030658,2025-05,60.90391304347826,60.90391304347826,60.03204
2025-05-08,59.91,57.93,60.29,57.74,281.0,3.17,1057,1111,5.0,663.94,5.0,663.6,5.0,720.1,5.0,635.38,0.58,,100.64,99.85,100.76,99.61,1.03,106.07,105.34,107.39,105.34,19.2,1.4,62.69,2025-05-19,58.07,-0.9099999999999966,1.0200000000000031,2.4499999999999957,-2.4499999999999957,1.8399999999999963,64.66818181818182,4.845322955743461,0.9422066538452162,-0.08106159921947853,0.03168589633201302,0,5663.9400000000005,5775.591558441559,307.3004630096746,-0.6870437536705196,-0.33709428208307646,-48.25999999999931,1.2600000000000051,0.28999999999999204,0.025269916204480252,0,1.9046237135163633,99.74649350649352,1.0158442766030658,2025-05,60.90391304347826,60.90391304347826,59.782803
2025-05-09,61.02,60.25,61.45,59.89,239.64,1.85,1057,1111,5.0,659.91,5.0,679.65,5.0,691.69,5.0,644.15,-0.07,,100.34,100.64,100.86,100.09,-0.3,107.31,107.14,107.75,106.38,10.99,1.17,62.56,2025-05-20,59.91,1.9799999999999969,-1.8399999999999963,2.549999999999997,-2.549999999999997,1.1100000000000065,64.66818181818182,4.845322955743461,0.9422066538452162,-0.08106159921947853,0.018527791687531492,0,5659.91,5775.591558441559,307.3004630096746,-0.6870437536705196,-0.33709428208307646,-33.399999999999636,0.8700000000000045,1.1000000000000085,0.030100636617757186,0,1.9046237135163633,99.74649350649352,1.0158442766030658,2025-05,60.90391304347826,60.90391304347826,60.316845
2025-05-12,61.56,60.97,63.13,60.56,243.29,0.88,1057,1111,5.0,844.19,5.0,807.2,5.0,845.37,5.0,786.08,3.26,,101.79,100.69,101.98,100.51,1.44,109.16,110.27,110.44,108.32,14.24,1.72,61.57,2025-05-21,61.02,0.7700000000000031,-1.1100000000000065,1.5600000000000023,-1.5600000000000023,0.5399999999999991,64.66818181818182,4.845322955743461,0.9422066538452162,-0.08106159921947853,0.008849557522123908,0,5844.1900000000005,5775.591558441559,307.3004630096746,-0.6870437536705196,-0.33709428208307646,263.25,2.780000000000001,5.890000000000001,0.028675853164383938,0,1.9046237135163633,99.74649350649352,1.0158442766030658,2025-05,60.90391304347826,60.90391304347826,60.91397
2025-05-13,63.25,61.55,63.44,61.23,203.23,2.75,1057,1111,5.0,886.55,5.0,854.15,5.0,906.64,5.0,845.02,0.72,,101.0,101.72,101.76,100.91,-0.77,109.46,109.32,110.51,109.02,13.35,0.27,61.2,2025-05-22,61.56,0.5900000000000034,-0.5399999999999991,2.5700000000000003,-2.5700000000000003,1.6899999999999977,64.66818181818182,4.845322955743461,0.9422066538452162,-0.08106159921947853,0.027452891487979247,0,5886.55,5775.591558441559,307.3004630096746,-0.6870437536705196,-0.33709428208307646,274.6999999999998,1.7600000000000051,4.75,0.024896849016791116,0,1.9046237135163633,99.74649350649352,1.0158442766030658,2025-05,60.90391304347826,60.90391304347826,61.396294
2025-05-14,62.68,63.2,63.23,62.31,203.84,-0.9,1057,1111,5.0,892.58,5.0,896.74,5.0,906.55,5.0,872.11,0.1,,101.04,100.95,101.14,100.27,0.04,108.48,108.86,108.86,107.93,15.49,-0.9,61.53,2025-05-23,63.25,1.7000000000000028,-1.6899999999999977,2.210000000000001,-2.210000000000001,-0.5700000000000003,64.66818181818182,4.845322955743461,0.9422066538452162,-0.08106159921947853,-0.009011857707509896,0,5892.58,5775.591558441559,307.3004630096746,-0.6870437536705196,-0.33709428208307646,259.5100000000002,1.5700000000000074,3.8700000000000045,0.025771815239515005,0,1.9046237135163633,99.74649350649352,1.0158442766030658,2025-05,60.90391304347826,60.90391304347826,61.322018
2025-05-15,61.15,62.4,62.46,60.08,264.08,-2.44,1057,1111,5.0,916.93,5.0,869.82,5.0,924.21,5.0,865.16,0.41,,100.88,100.97,101.06,100.59,-0.16,108.58,106.49,108.65,105.97,15.0,0.09,61.93,2025-05-25,62.68,-0.5200000000000031,0.5700000000000003,0.9199999999999946,-0.9199999999999946,-1.5300000000000011,64.66818181818182,4.845322955743461,0.9422066538452162,-0.08106159921947853,-0.024409700063816264,0,5916.93,5775.591558441559,307.3004630096746,-0.6870437536705196,-0.33709428208307646,245.96000000000004,0.6299999999999955,2.510000000000005,0.02018332859717571,0,1.9046237135163633,99.74649350649352,1.0158442766030658,2025-05,60.90391304347826,60.90391304347826,60.92037
2025-05-16,61.97,61.22,62.18,60.78,250.32,1.34,1057,1111,5.0,958.38,5.0,929.09,5.0,958.62,5.0,907.36,0.7,,101.09,100.77,101.26,100.52,0.21,108.19,108.65,108.89,107.45,14.04,-0.36,61.49,2025-05-26,61.15,-1.25,1.5300000000000011,2.3800000000000026,-2.3800000000000026,0.8200000000000003,64.66818181818182,4.845322955743461,0.9422066538452162,-0.08106159921947853,0.013409648405560137,0,5958.38,5775.591558441559,307.3004630096746,-0.6870437536705196,-0.33709428208307646,561.8599999999997,1.0600000000000023,0.8799999999999955,0.02300847380190445,0,1.9046237135163633,99.74649350649352,1.0158442766030658,2025-05,60.90391304347826,60.90391304347826,61.19194
2025-05-19,62.69,62.75,63.4,61.57,95.57,1.16,1057,1111,5.0,963.6,5.0,902.88,5.0,968.61,5.0,895.69,0.09,,100.43,100.9,100.9,100.06,-0.66,106.47,107.57,107.57,105.72,16.8,-1.59,60.89,2025-05-27,61.97,0.75,-0.8200000000000003,1.3999999999999986,-1.3999999999999986,0.7199999999999989,64.66818181818182,4.845322955743461,0.9422066538452162,-0.08106159921947853,0.011618525092786713,0,5963.6,5775.591558441559,307.3004630096746,-0.6870437536705196,-0.33709428208307646,889.5200000000004,0.6000000000000085,-2.6899999999999977,0.02237387637055751,0,1.9046237135163633,99.74649350649352,1.0158442766030658,2025-05,60.90391304347826,60.90391304347826,61.216816
2025-05-20,62.56,62.68,63.17,62.19,25.62,-0.21,1057,1111,5.0,940.46,5.0,944.66,5.0,953.06,5.0,909.26,-0.39,,100.12,100.43,100.58,100.01,-0.31,104.95,106.39,106.71,104.78,12.43,-1.43,61.84,2025-05-28,62.69,-0.060000000000002274,-0.7199999999999989,1.8299999999999983,-1.8299999999999983,-0.12999999999999545,64.66818181818182,4.845322955743461,0.9422066538452162,-0.08106159921947853,-0.0020736959642685404,0,5940.46,5775.591558441559,307.3004630096746,-0.6870437536705196,-0.33709428208307646,878.21,0.8800000000000097,-4.509999999999991,0.020307962926445405,0,1.9046237135163633,99.74649350649352,1.0158442766030658,2025-05,60.90391304347826,60.90391304347826,60.96563
2025-05-21,61.57,62.27,64.19,61.28,302.7,-1.58,1057,1111,5.0,844.61,5.0,910.18,5.0,938.37,5.0,830.91,-1.61,,99.56,99.99,99.99,99.34,-0.56,103.66,104.53,104.96,103.64,16.72,-1.23,60.94,2025-05-29,62.56,-0.11999999999999744,0.12999999999999545,0.980000000000004,-0.980000000000004,-0.990000000000002,64.66818181818182,4.845322955743461,0.9422066538452162,-0.08106159921947853,-0.015824808184143224,0,5844.61,5775.591558441559,307.3004630096746,-0.6870437536705196,-0.33709428208307646,861.8399999999992,-0.04999999999999716,-4.820000000000007,0.016875925056059206,0,1.9046237135163633,99.74649350649352,1.0158442766030658,2025-05,60.90391304347826,60.90391304347826,61.07634
2025-05-22,61.2,61.33,61.75,60.25,258.55,-0.6,1057,1111,5.0,842.01,5.0,841.26,5.0,878.08,5.0,825.82,-0.04,,99.96,99.64,100.12,99.44,0.4,102.97,103.06,103.47,101.89,13.42,-0.67,60.79,2025-05-30,61.57,-0.7000000000000028,0.990000000000002,2.9099999999999966,-2.9099999999999966,-0.36999999999999744,64.66818181818182,4.845322955743461,0.9422066538452162,-0.08106159921947853,-0.006009420172161772,0,5842.01,5775.591558441559,307.3004630096746,-0.6870437536705196,-0.33709428208307646,385.1100000000006,-0.6800000000000068,-5.609999999999999,0.01779788320026582,0,1.9046237135163633,99.74649350649352,1.0158442766030658,2025-05,60.90391304347826,60.90391304347826,61.358543
2025-05-23,61.53,60.81,61.88,60.02,273.39,0.54,1057,1111,5.0,802.82,5.0,781.89,5.0,829.51,5.0,767.41,-0.67,,99.11,99.88,99.94,99.05,-0.85,103.03,102.6,103.47,102.07,12.06,0.06,62.52,2025-06-02,61.2,-0.12999999999999545,0.36999999999999744,1.5,-1.5,0.3299999999999983,64.66818181818182,4.845322955743461,0.9422066538452162,-0.08106159921947853,0.005392156862745079,0,5802.82,5775.591558441559,307.3004630096746,-0.6870437536705196,-0.33709428208307646,534.7699999999995,-1.230000000000004,-5.159999999999997,0.01768668214871086,0,1.9046237135163633,99.74649350649352,1.0158442766030658,2025-05,60.90391304347826,60.90391304347826,61.599506
2025-05-25,61.93,61.73,62.15,61.58,,0.65,1057,1111,5.0,802.82,5.0,781.89,5.0,829.51,5.0,767.41,-0.67,,99.11,99.88,99.94,99.05,-0.85,103.03,102.6,103.47,102.07,12.06,0.06,63.41,2025-06-03,61.53,0.7199999999999989,-0.3299999999999983,1.8599999999999994,-1.8599999999999994,0.3999999999999986,64.66818181818182,4.845322955743461,0.9422066538452162,-0.08106159921947853,0.006500893872907421,0,5802.82,5775.591558441559,307.3004630096746,-0.6870437536705196,-0.33709428208307646,439.46000000000004,-2.680000000000007,-3.4399999999999977,0.015356784208548791,0,1.9046237135163633,99.74649350649352,1.0158442766030658,2025-05,60.90391304347826,60.90391304347826,62.225174
2025-05-26,61.49,61.53,62.03,61.26,49.02,-0.71,1057,1111,5.0,802.82,5.0,781.89,5.0,829.51,5.0,767.41,-0.67,,99.11,99.09,99.16,98.69,0.0,103.03,102.6,103.47,102.07,12.06,0.06,62.85,2025-06-04,61.93,0.20000000000000284,-0.3999999999999986,0.5700000000000003,-0.5700000000000003,-0.4399999999999977,64.66818181818182,4.845322955743461,0.9422066538452162,-0.08106159921947853,-0.007104795737122527,0,5802.82,5775.591558441559,307.3004630096746,-0.6870437536705196,-0.33709428208307646,396.84999999999945,-1.8900000000000006,-1.9200000000000017,0.014848724677067642,0,1.9046237135163633,99.74649350649352,1.0158442766030658,2025-05,60.90391304347826,60.90391304347826,61.90498
2025-05-27,60.89,61.7,62.14,60.26,291.32,-0.98,1057,1111,5.0,921.54,5.0,854.07,5.0,924.33,5.0,854.07,2.05,,99.52,98.96,99.61,98.78,0.41,103.52,103.49,103.86,102.9,13.04,0.48,63.37,2025-06-05,61.49,-0.03999999999999915,0.4399999999999977,0.7700000000000031,-0.7700000000000031,-0.6000000000000014,64.66818181818182,4.845322955743461,0.9422066538452162,-0.08106159921947853,-0.009757684176288861,0,5921.54,5775.591558441559,307.3004630096746,-0.6870437536705196,-0.33709428208307646,524.9099999999999,-1.5200000000000102,-0.14000000000000057,0.013128813032679139,0,1.9046237135163633,99.74649350649352,1.0158442766030658,2025-05,60.90391304347826,60.90391304347826,61.371464
2025-05-28,61.84,61.04,62.54,60.85,260.37,1.56,1057,1111,5.0,888.55,5.0,925.54,5.0,939.92,5.0,881.88,-0.56,,99.88,99.53,99.96,99.44,0.36,102.11,104.29,104.43,101.79,14.29,-1.36,64.58,2025-06-06,60.89,-0.8100000000000023,0.6000000000000014,1.8800000000000026,-1.8800000000000026,0.9500000000000028,64.66818181818182,4.845322955743461,0.9422066538452162,-0.08106159921947853,0.01560190507472492,0,5888.55,5775.591558441559,307.3004630096746,-0.6870437536705196,-0.33709428208307646,612.8500000000004,-1.0,-0.8599999999999994,0.009352182707917302,0,1.9046237135163633,99.74649350649352,1.0158442766030658,2025-05,60.90391304347826,60.90391304347826,61.851547
2025-05-29,60.94,61.83,63.07,60.55,299.86,-1.46,1057,1111,5.0,912.17,5.0,939.96,5.0,943.13,5.0,873.8,0.4,,99.28,100.54,100.54,99.22,-0.6,102.69,102.28,102.85,101.75,13.83,0.57,64.22,2025-06-09,61.84,0.8000000000000043,-0.9500000000000028,1.6899999999999977,-1.6899999999999977,-0.9000000000000057,64.66818181818182,4.845322955743461,0.9422066538452162,-0.08106159921947853,-0.014553686934023369,0,5912.17,5775.591558441559,307.3004630096746,-0.6870437536705196,-0.33709428208307646,629.4700000000003,-1.8100000000000023,-0.3400000000000034,0.011017258490429654,0,1.9046237135163633,99.74649350649352,1.0158442766030658,2025-05,60.90391304347826,60.90391304347826,61.345654
2025-05-30,60.79,60.94,61.72,59.74,384.93,-0.25,1057,1111,5.0,911.69,5.0,903.67,5.0,922.14,5.0,843.66,-0.01,,99.33,99.25,99.67,99.13,0.05,102.3,102.16,102.39,101.18,28.65,-0.38,63.91,2025-06-10,60.94,-0.8900000000000006,0.9000000000000057,2.520000000000003,-2.520000000000003,-0.14999999999999858,64.66818181818182,4.845322955743461,0.9422066538452162,-0.08106159921947853,-0.0024614374794880156,0,5911.6900000000005,5775.591558441559,307.3004630096746,-0.6870437536705196,-0.33709428208307646,753.4900000000007,-1.1000000000000085,-0.730000000000004,0.011834631563774735,0,1.9046237135163633,99.74649350649352,1.0158442766030658,2025-05,60.90391304347826,60.90391304347826,61.220837
2025-06-02,62.52,61.11,63.88,61.06,403.58,2.85,1011,1043,5.0,935.94,5.0,896.68,5.0,937.4,5.0,861.43,0.41,,98.71,99.41,99.42,98.61,-0.63,103.05,103.75,103.85,102.22,17.29,0.73,66.9,2025-06-11,60.79,-0.14999999999999858,0.14999999999999858,1.9799999999999969,-1.9799999999999969,1.730000000000004,64.66818181818182,4.845322955743461,0.9422066538452162,-0.08106159921947853,0.028458628063826374,0,5935.9400000000005,5775.591558441559,307.3004630096746,-0.6870437536705196,-0.33709428208307646,648.1800000000003,-1.4100000000000108,0.01999999999999602,0.010787201989353736,0,1.9046237135163633,99.74649350649352,1.0158442766030658,2025-06,68.095,60.90391304347826,61.56592
2025-06-03,63.41,63.02,63.89,62.4,291.26,1.42,1011,1043,5.0,970.37,5.0,938.56,5.0,981.35,5.0,929.0,0.58,,99.23,98.58,99.33,98.58,0.53,103.8,102.9,104.66,102.21,19.19,0.73,66.64,2025-06-12,62.52,1.4100000000000037,-1.730000000000004,2.8200000000000003,-2.8200000000000003,0.8899999999999935,64.66818181818182,4.845322955743461,0.9422066538452162,-0.08106159921947853,0.014235444657709317,0,5970.37,5775.591558441559,307.3004630096746,-0.6870437536705196,-0.33709428208307646,594.5100000000002,-0.3299999999999983,0.28000000000000114,0.014898895547506733,0,1.9046237135163633,99.74649350649352,1.0158442766030658,2025-06,68.095,68.095,66.42647
2025-06-04,62.85,63.36,63.96,62.17,321.13,-0.88,1011,1043,5.0,970.81,5.0,978.94,5.0,990.48,5.0,966.11,0.01,,98.79,99.18,99.39,98.67,-0.44,102.3,103.92,104.92,102.3,15.65,-1.45,71.29,2025-06-13,63.41,0.38999999999999346,-0.8899999999999935,1.490000000000002,-1.490000000000002,-0.5599999999999952,64.66818181818182,4.845322955743461,0.9422066538452162,-0.08106159921947853,-0.008831414603374776,0,5970.8099999999995,5775.591558441559,307.3004630096746,-0.6870437536705196,-0.33709428208307646,486.03999999999905,-1.1699999999999875,0.18999999999999773,0.014298615353665133,0,1.9046237135163633,99.74649350649352,1.0158442766030658,2025-06,68.095,68.095,66.15233
2025-06-05,63.37,62.76,63.98,62.5,232.42,0.83,1011,1043,5.0,939.3,5.0,985.67,5.0,999.7,5.0,921.2,-0.53,,98.74,98.8,98.94,98.35,-0.05,101.83,102.98,103.05,101.73,13.94,-0.46,71.77,2025-06-16,62.85,-0.509999999999998,0.5599999999999952,1.7899999999999991,-1.7899999999999991,0.519999999999996,64.66818181818182,4.845322955743461,0.9422066538452162,-0.08106159921947853,0.008273667462211476,0,5939.3,5775.591558441559,307.3004630096746,-0.6870437536705196,-0.33709428208307646,414.09000000000015,-0.37000000000000455,-0.8599999999999994,0.01486722600493924,0,1.9046237135163633,99.74649350649352,1.0158442766030658,2025-06,68.095,68.095,66.19162
2025-06-06,64.58,63.33,64.8,62.82,310.13,1.91,1011,1043,6.0,0.36,5.0,987.06,6.0,16.87,5.0,978.63,1.03,,99.19,98.7,99.36,98.65,0.45,104.27,102.76,104.5,102.68,15.49,2.4,74.84,2025-06-17,63.37,0.6099999999999994,-0.519999999999996,1.4799999999999969,-1.4799999999999969,1.2100000000000009,64.66818181818182,4.845322955743461,0.9422066538452162,-0.08106159921947853,0.019094208616064368,0,6000.36,5775.591558441559,307.3004630096746,-0.6870437536705196,-0.33709428208307646,471.6099999999997,0.0799999999999983,1.9699999999999989,0.015045562926459886,0,1.9046237135163633,99.74649350649352,1.0158442766030658,2025-06,68.095,68.095,66.36646
2025-06-09,64.22,63.81,64.34,63.27,137.42,-0.56,1011,1043,6.0,5.88,6.0,4.63,6.0,21.31,5.0,994.18,0.09,,98.94,99.2,99.23,98.82,-0.25,104.97,104.33,105.85,103.83,17.09,0.67,75.14,2025-06-18,64.58,1.25,-1.2100000000000009,1.9799999999999969,-1.9799999999999969,-0.35999999999999943,64.66818181818182,4.845322955743461,0.9422066538452162,-0.08106159921947853,-0.0055744812635490915,0,6005.88,5775.591558441559,307.3004630096746,-0.6870437536705196,-0.33709428208307646,445.0500000000002,-0.1700000000000017,1.9200000000000017,0.013953640495657962,0,1.9046237135163633,99.74649350649352,1.0158442766030658,2025-06,68.095,68.095,66.16887
2025-06-10,63.91,64.1,65.1,63.51,207.74,-0.48,1011,1043,6.0,38.81,6.0,9.91,6.0,43.01,6.0,0.28,0.55,,99.1,98.98,99.39,98.86,0.16,107.22,106.07,107.64,105.93,17.63,2.14,73.82,2025-06-19,64.22,0.4099999999999966,0.35999999999999943,1.0700000000000003,-1.0700000000000003,-0.3100000000000023,64.66818181818182,4.845322955743461,0.9422066538452162,-0.08106159921947853,-0.004827156649019004,0,6038.81,5775.591558441559,307.3004630096746,-0.6870437536705196,-0.33709428208307646,469.7500000000009,-0.4200000000000017,3.4200000000000017,0.013638781893043957,0,1.9046237135163633,99.74649350649352,1.0158442766030658,2025-06,68.095,68.095,66.41943
2025-06-11,66.9,63.67,67.11,63.54,260.69,4.68,1011,1043,6.0,22.24,6.0,49.38,6.0,59.4,6.0,2.32,-0.27,,98.63,98.96,99.22,98.53,-0.47,109.31,107.76,109.39,106.46,22.65,1.95,74.93,2025-06-20,63.91,-0.18999999999999773,0.3100000000000023,1.5899999999999963,-1.5899999999999963,2.990000000000009,64.66818181818182,4.845322955743461,0.9422066538452162,-0.08106159921947853,0.04678454076044458,0,6022.24,5775.591558441559,307.3004630096746,-0.6870437536705196,-0.33709428208307646,418.09999999999945,-1.25,7.010000000000005,0.012316410195637376,0,1.9046237135163633,99.74649350649352,1.0158442766030658,2025-06,68.095,68.095,67.21041
2025-06-12,66.64,67.68,67.93,65.51,297.7,-0.39,1011,1043,6.0,45.26,6.0,9.9,6.0,45.43,6.0,3.88,0.38,,97.92,98.46,98.52,97.6,-0.72,109.73,108.92,110.19,108.22,17.47,0.38,75.78,2025-06-22,66.9,3.230000000000004,-2.990000000000009,3.5700000000000003,-3.5700000000000003,-0.2600000000000051,64.66818181818182,4.845322955743461,0.9422066538452162,-0.08106159921947853,-0.0038863976083707286,0,6045.26,5775.591558441559,307.3004630096746,-0.6870437536705196,-0.33709428208307646,358.59000000000015,-1.3599999999999994,7.900000000000006,0.023599806468559,0,1.9046237135163633,99.74649350649352,1.0158442766030658,2025-06,68.095,68.095,66.921295
2025-06-13,71.29,67.5,74.63,67.11,715.81,6.98,1011,1043,5.0,976.97,6.0,0.56,6.0,26.16,5.0,963.21,-1.13,,98.18,97.81,98.59,97.62,0.27,112.12,112.35,112.53,110.68,28.54,2.18,68.51,2025-06-23,66.64,-1.0400000000000063,0.2600000000000051,2.4200000000000017,-2.4200000000000017,4.650000000000006,64.66818181818182,4.845322955743461,0.9422066538452162,-0.08106159921947853,0.06977791116446586,1,5976.97,5775.591558441559,307.3004630096746,-0.6870437536705196,-0.33709428208307646,326.59000000000015,-1.1499999999999915,7.8500000000000085,0.022904914052528137,0,1.9046237135163633,99.74649350649352,1.0158442766030658,2025-06,68.095,68.095,69.312775
2025-06-16,71.77,76.54,77.49,69.38,367.31,0.67,1011,1043,6.0,33.11,6.0,4.0,6.0,50.83,6.0,4.0,0.94,,98.0,98.26,98.36,97.68,-0.19,112.48,111.82,113.16,111.13,22.99,0.32,64.37,2025-06-24,71.29,3.7900000000000063,-4.650000000000006,7.519999999999996,-7.519999999999996,0.47999999999998977,64.66818181818182,4.845322955743461,0.9422066538452162,-0.08106159921947853,0.0067330621405525815,0,6033.11,5775.591558441559,307.3004630096746,-0.6870437536705196,-0.33709428208307646,426.1999999999998,-0.7099999999999937,7.510000000000005,0.049628975811819034,0,1.9046237135163633,99.74649350649352,1.0158442766030658,2025-06,68.095,68.095,69.16157
2025-06-17,74.84,71.11,75.54,71.0,154.26,4.28,1011,1043,5.0,982.72,6.0,12.15,6.0,23.25,5.0,974.8,-0.84,,98.82,98.19,98.87,98.02,0.84,114.0,113.95,114.93,113.11,19.45,1.35,64.92,2025-06-25,71.77,-4.77000000000001,-0.47999999999998977,8.11,-8.11,3.0700000000000074,64.66818181818182,4.845322955743461,0.9422066538452162,-0.08106159921947853,0.04277553295248726,0,5982.72,5775.591558441559,307.3004630096746,-0.6870437536705196,-0.33709428208307646,351.4400000000005,-0.4100000000000108,6.780000000000001,0.05949153129683538,0,1.9046237135163633,99.74649350649352,1.0158442766030658,2025-06,68.095,68.095,69.265755
2025-06-18,75.14,75.61,76.07,72.94,524.54,0.4,1011,1043,5.0,980.87,5.0,987.93,6.0,18.25,5.0,971.89,-0.03,,98.9,98.87,99.01,98.48,0.09,113.19,114.61,115.24,112.94,17.97,-0.71,65.41,2025-06-26,74.84,3.730000000000004,-3.0700000000000074,4.540000000000006,-4.540000000000006,0.29999999999999716,64.66818181818182,4.845322955743461,0.9422066538452162,-0.08106159921947853,0.004008551576696995,0,5980.87,5775.591558441559,307.3004630096746,-0.6870437536705196,-0.33709428208307646,316.9299999999994,0.10999999999999943,3.8799999999999955,0.06148452400750885,0,1.9046237135163633,99.74649350649352,1.0158442766030658,2025-06,68.095,68.095,70.35426
2025-06-19,73.82,73.88,75.73,72.65,250.83,-1.76,1011,1043,5.0,980.87,5.0,987.93,6.0,18.25,5.0,971.89,-0.03,,98.9,98.88,99.16,98.75,0.0,113.19,114.61,115.24,112.94,17.97,-0.71,65.09,2025-06-27,75.14,-0.46999999999999886,-0.29999999999999716,3.1299999999999955,-3.1299999999999955,-1.3200000000000074,64.66818181818182,4.845322955743461,0.9422066538452162,-0.08106159921947853,-0.017567207878626645,0,5980.87,5775.591558441559,307.3004630096746,-0.6870437536705196,-0.33709428208307646,320.96000000000004,0.1600000000000108,3.4599999999999937,0.0635549449379976,0,1.9046237135163633,99.74649350649352,1.0158442766030658,2025-06,68.095,68.095,69.78324
2025-06-20,74.93,74.6,77.58,74.3,34.05,1.5,1011,1043,5.0,967.84,5.0,999.67,6.0,18.2,5.0,952.56,-0.22,,98.71,98.67,98.89,98.54,-0.2,114.7,113.45,115.04,113.18,36.27,1.33,73.82,2025-06-28,73.82,-0.060000000000002274,1.3200000000000074,3.0799999999999983,-3.0799999999999983,1.1100000000000136,64.66818181818182,4.845322955743461,0.9422066538452162,-0.08106159921947853,0.015036575453806655,0,5967.84,5775.591558441559,307.3004630096746,-0.6870437536705196,-0.33709428208307646,123.64999999999964,-0.480000000000004,2.5799999999999983,0.06339842279992713,0,1.9046237135163633,99.74649350649352,1.0158442766030658,2025-06,68.095,68.095,70.55904
2025-06-22,75.78,76.75,77.13,75.23,68.46,1.13,1011,1043,5.0,967.84,5.0,999.67,6.0,18.2,5.0,952.56,-0.22,,98.71,98.67,98.89,98.54,-0.2,114.7,113.45,115.04,113.18,36.27,1.33,74.93,2025-06-29,74.93,0.3300000000000125,-1.1100000000000136,3.280000000000001,-3.280000000000001,0.8499999999999943,64.66818181818182,4.845322955743461,0.9422066538452162,-0.08106159921947853,0.011343920992926693,0,5967.84,5775.591558441559,307.3004630096746,-0.6870437536705196,-0.33709428208307646,81.28999999999996,-0.23000000000000398,2.219999999999999,0.0624297430285079,0,1.9046237135163633,99.74649350649352,1.0158442766030658,2025-06,68.095,68.095,71.90012
2025-06-23,68.51,78.0,78.4,66.6,728.87,-9.59,1011,1043,6.0,25.17,5.0,969.67,6.0,28.77,5.0,943.23,0.96,,98.42,99.09,99.42,98.35,-0.29,111.74,116.7,116.95,111.16,26.63,-2.58,75.78,2025-06-30,75.78,-0.9699999999999989,-0.8499999999999943,1.8999999999999915,-1.8999999999999915,-7.269999999999996,64.66818181818182,4.845322955743461,0.9422066538452162,-0.08106159921947853,-0.09593560306149373,1,6025.17,5775.591558441559,307.3004630096746,-0.6870437536705196,-0.33709428208307646,132.59000000000015,-0.6799999999999926,-2.260000000000005,0.06055652488290566,0,1.9046237135163633,99.74649350649352,1.0158442766030658,2025-06,68.095,68.095,67.74094
2025-06-24,64.37,67.74,67.83,64.0,541.48,-6.04,1011,1043,6.0,92.18,6.0,61.21,6.0,101.76,6.0,59.25,1.11,,97.86,98.16,98.28,97.71,-0.57,108.34,109.25,110.94,107.91,24.83,-3.04,68.51,2025-07-01,68.51,-9.489999999999995,7.269999999999996,11.800000000000011,-11.800000000000011,-4.140000000000001,64.66818181818182,4.845322955743461,0.9422066538452162,-0.08106159921947853,-0.06042913443292952,1,6092.18,5775.591558441559,307.3004630096746,-0.6870437536705196,-0.33709428208307646,175.25,-0.769999999999996,-4.849999999999994,0.08097740252362703,1,1.9046237135163633,99.74649350649352,1.0158442766030658,2025-06,68.095,68.095,65.185425
2025-06-25,64.92,65.12,66.03,64.51,278.5,0.85,1011,1043,6.0,92.16,6.0,104.23,6.0,108.51,6.0,80.09,0.0,,97.68,97.93,98.2,97.65,-0.18,108.37,108.11,109.24,107.7,17.48,0.03,64.37,2025-07-02,64.37,-3.3699999999999903,4.140000000000001,3.8299999999999983,-3.8299999999999983,0.5499999999999972,64.66818181818182,4.845322955743461,0.9422066538452162,-0.08106159921947853,0.008544352959453105,0,6092.16,5775.591558441559,307.3004630096746,-0.6870437536705196,-0.33709428208307646,133.77999999999975,-0.23999999999999488,-4.819999999999993,0.06197837240145604,0,1.9046237135163633,99.74649350649352,1.0158442766030658,2025-06,68.095,68.095,65.63901
2025-06-26,65.41,64.98,66.42,64.66,1.33,0.75,1011,1043,6.0,141.02,6.0,112.09,6.0,146.52,6.0,107.27,0.8,,97.15,97.55,97.61,97.0,-0.54,109.99,110.17,110.43,108.55,18.3,1.49,64.92,2025-07-03,64.92,-0.20000000000000284,-0.5499999999999972,1.519999999999996,-1.519999999999996,0.4899999999999949,64.66818181818182,4.845322955743461,0.9422066538452162,-0.08106159921947853,0.007547751078250009,0,6141.02,5775.591558441559,307.3004630096746,-0.6870437536705196,-0.33709428208307646,177.42000000000007,-1.0300000000000011,-4.710000000000008,0.05828336851556047,0,1.9046237135163633,99.74649350649352,1.0158442766030658,2025-06,68.095,68.095,66.056816
2025-06-27,65.09,65.36,66.09,64.83,206.12,-0.49,1011,1043,6.0,173.13,6.0,150.7,6.0,187.68,6.0,132.35,0.52,,97.35,97.37,97.5,97.0,0.21,109.38,109.93,109.83,108.4,18.58,-0.55,65.41,2025-07-04,65.41,0.4299999999999926,-0.4899999999999949,1.7600000000000051,-1.7600000000000051,-0.3199999999999932,64.66818181818182,4.845322955743461,0.9422066538452162,-0.08106159921947853,-0.004892218315242225,0,6173.13,5775.591558441559,307.3004630096746,-0.6870437536705196,-0.33709428208307646,232.67000000000007,-0.6500000000000057,-5.320000000000007,0.051114251930897636,0,1.9046237135163633,99.74649350649352,1.0158442766030658,2025-06,68.095,68.095,66.06232
2025-06-28,73.82,73.88,75.73,72.65,250.83,-1.76,1011,1043,6.0,173.13,6.0,150.7,6.0,187.68,6.0,132.35,0.52,,97.35,97.37,97.5,97.0,0.21,109.38,109.93,109.83,108.4,18.58,-0.55,65.09,2025-07-05,65.09,-0.269999999999996,0.3199999999999932,1.2600000000000051,-1.2600000000000051,8.72999999999999,64.66818181818182,4.845322955743461,0.9422066538452162,-0.08106159921947853,0.1341219849439237,1,6173.13,5775.591558441559,307.3004630096746,-0.6870437536705196,-0.33709428208307646,328.52000000000044,-1.4699999999999989,-2.3599999999999994,0.07268003850511831,0,1.9046237135163633,99.74649350649352,1.0158442766030658,2025-06,68.095,68.095,69.70935
